{
    "answers": {
        "phase": "coding",
        "action": "requirements (functional)",
        "scope": "cli",
        "action experience": "none",
        "prog lang": "js",
        "other prog lang": "<fill in>",
        "tool": "github copilot",
        "other tool": "<fill in>",
        "tool option": "full",
        "tool experience": "master",
        "time allocated (h)": "6",
        "time saved estimate (h)": "100",
        "quality of ai help": "minor modifications needed",
        "generic feeling": "needs work",
        "notes": "<fill in>"
    }
}