{
    "answers": {
        "phase": "coding",
        "action": "code management",
        "scope": "backend",
        "action experience": "fair",
        "prog lang": "sql",
        "other prog lang": "<fill in>",
        "tool": "chat gpt 3.x",
        "other tool": "<fill in>",
        "tool option": "free",
        "tool experience": "enough",
        "time allocated (h)": "5",
        "time saved estimate (h)": "1",
        "quality of ai help": "unusable",
        "generic feeling": "makes not sense",
        "notes": "<fill in>"
    }
}