{
    "answers": {
        "phase": "coding",
        "action": "requirements (functional)",
        "scope": "backend",
        "action experience": "big",
        "prog lang": "sql",
        "other prog lang": "<fill in>",
        "tool": "chat gpt 4.x",
        "other tool": "<fill in>",
        "tool option": "full",
        "tool experience": "master",
        "time allocated (h)": "0.75",
        "time saved estimate (h)": "4",
        "quality of ai help": "ready-to-use",
        "generic feeling": "great as-is",
        "notes": "<fill in>"
    }
}