{
    "answers": {
        "phase": "coding",
        "action": "requirements (functional)",
        "scope": "api",
        "action experience": "none",
        "prog lang": "js",
        "other prog lang": "<fill in>",
        "tool": "chat gpt 4.x",
        "other tool": "<fill in>",
        "tool option": "full",
        "tool experience": "master",
        "time allocated (h)": "10",
        "time saved estimate (h)": "100",
        "quality of ai help": "major modifications needed",
        "generic feeling": "needs work",
        "notes": "<fill in>"
    }
}