{
    "answers": {
        "phase": "requirements gathering",
        "action": "code management",
        "scope": "cli",
        "action experience": "big",
        "prog lang": "js",
        "other prog lang": "<fill in>",
        "tool": "chat gpt 4.x",
        "other tool": "<fill in>",
        "tool option": "full",
        "tool experience": "master",
        "time allocated (h)": "6",
        "time saved estimate (h)": "15",
        "quality of ai help": "major modifications needed",
        "generic feeling": "great as-is",
        "notes": "<fill in>"
    }
}