{
    "answers": {
        "phase": "deployment",
        "action": "use case specification",
        "scope": "uml sequence",
        "action experience": "fair",
        "prog lang": "other",
        "other prog lang": "plantuml",
        "tool": "chat gpt 4.x",
        "other tool": "<fill in>",
        "tool option": "full",
        "tool experience": "none",
        "time allocated (h)": "0.5",
        "time saved estimate (h)": "48",
        "quality of ai help": "minor modifications needed",
        "generic feeling": "great as-is",
        "notes": "<fill in>"
    }
}