{
    "answers": {
        "phase": "deployment",
        "action": "code management",
        "scope": "frontend",
        "action experience": "big",
        "prog lang": "other",
        "other prog lang": "html",
        "tool": "chat gpt 3.x",
        "other tool": "<fill in>",
        "tool option": "free",
        "tool experience": "some",
        "time allocated (h)": "1",
        "time saved estimate (h)": "0",
        "quality of ai help": "major modifications needed",
        "generic feeling": "needs work",
        "notes": "<fill in>"
    }
}