{
    "answers": {
        "phase": "coding",
        "action": "design decision",
        "scope": "backend",
        "action experience": "fair",
        "prog lang": "sql",
        "other prog lang": "mysql",
        "tool": "chat gpt 4.x",
        "other tool": "<fill in>",
        "tool option": "full",
        "tool experience": "master",
        "time allocated (h)": "0.1",
        "time saved estimate (h)": "0.45",
        "quality of ai help": "minor modifications needed",
        "generic feeling": "great as-is",
        "notes": "<fill in>"
    }
}