{
    "answers": {
        "phase": "coding",
        "action": "code management",
        "scope": "code management actions",
        "action experience": "fair",
        "prog lang": "other",
        "other prog lang": "html",
        "tool": "chat gpt 4.x",
        "other tool": "<fill in>",
        "tool option": "full",
        "tool experience": "some",
        "time allocated (h)": "4",
        "time saved estimate (h)": "0",
        "quality of ai help": "major modifications needed",
        "generic feeling": "needs work",
        "notes": "<fill in>"
    }
}