{
    "answers": {
        "phase": "coding",
        "action": "data design",
        "scope": "data management",
        "action experience": "big",
        "prog lang": "python",
        "other prog lang": "<fill in>",
        "tool": "chat gpt 4.x",
        "other tool": "<fill in>",
        "tool option": "full",
        "tool experience": "master",
        "time allocated (h)": "1",
        "time saved estimate (h)": "2",
        "quality of ai help": "ready-to-use",
        "generic feeling": "needs work",
        "notes": "<fill in>"
    }
}