{
    "answers": {
        "phase": "coding",
        "action": "code management",
        "scope": "backend",
        "action experience": "big",
        "prog lang": "sql",
        "other prog lang": "<fill in>",
        "tool": "chat gpt 4.x",
        "other tool": "<fill in>",
        "tool option": "full",
        "tool experience": "enough",
        "time allocated (h)": "10",
        "time saved estimate (h)": "100",
        "quality of ai help": "ready-to-use",
        "generic feeling": "needs work",
        "notes": "<fill in>"
    }
}